City_ID,City,Country,Date,Lat,Lng,Max Temp,Humidity,Cloudiness,Wind Speed
0,Maumere,ID,2022-03-26 20:47:37,-8.6199,122.2111,78.93,83,89,4.27
1,Miandrivazo,MG,2022-03-26 20:47:37,-19.5167,45.4667,77.36,92,34,2.77
2,Kavaratti,IN,2022-03-26 20:47:38,10.5669,72.642,81.68,71,1,3.62
3,Nouadhibou,MR,2022-03-26 20:47:38,20.931,-17.0347,64.38,88,0,12.66
4,Cape Town,ZA,2022-03-26 20:43:50,-33.9258,18.4232,65.26,68,0,10.36
5,Puerto Ayora,EC,2022-03-26 20:47:39,-0.7393,-90.3518,80.56,76,51,9.15
6,Chokurdakh,RU,2022-03-26 20:47:39,70.6333,147.9167,-2.13,97,99,8.75
7,Vaini,TO,2022-03-26 20:47:39,-21.2,-175.2,78.96,73,40,8.05
8,Kloulklubed,PW,2022-03-26 20:47:40,7.0419,134.2556,79.3,80,100,13.98
9,Rikitea,PF,2022-03-26 20:47:41,-23.1203,-134.9692,79.18,73,4,13.11
10,Bubaque,GW,2022-03-26 20:45:08,11.2833,-15.8333,77.23,65,5,20.49
11,Komsomolskiy,UZ,2022-03-26 20:47:41,40.4272,71.7189,52.52,82,75,11.5
12,Ushuaia,AR,2022-03-26 20:42:43,-54.8,-68.3,47.86,87,100,14.97
13,Saskylakh,RU,2022-03-26 20:43:48,71.9167,114.0833,-26.32,100,100,3.33
14,Palmer,US,2022-03-26 20:46:14,42.1584,-72.3287,48.24,80,100,9.22
15,Luderitz,NA,2022-03-26 20:47:42,-26.6481,15.1594,64.36,73,0,8.32
16,Colares,PT,2022-03-26 20:47:42,38.7992,-9.4469,62.78,68,0,8.05
17,Port Lincoln,AU,2022-03-26 20:47:43,-34.7333,135.8667,64.24,71,93,6.73
18,Georgetown,MY,2022-03-26 20:42:48,5.4112,100.3354,84.13,92,20,1.14
19,Mataura,NZ,2022-03-26 20:47:43,-46.1927,168.8643,52.36,93,26,0.45
20,Jamestown,US,2022-03-26 20:43:44,42.097,-79.2353,35.53,65,100,13.8
21,Avera,US,2022-03-26 20:47:44,33.194,-82.5271,67.51,29,0,18.63
22,Goderich,CA,2022-03-26 20:47:44,43.7501,-81.7165,34.12,80,100,18.41
23,Avarua,CK,2022-03-26 20:43:45,-21.2078,-159.775,80.65,83,40,11.5
24,Cidreira,BR,2022-03-26 20:47:45,-30.1811,-50.2056,71.26,69,79,9.82
25,New Norfolk,AU,2022-03-26 20:47:45,-42.7826,147.0587,54.88,82,3,2.51
26,Barrow,US,2022-03-26 20:47:46,71.2906,-156.7887,-0.38,71,0,23.02
27,Bambous Virieux,MU,2022-03-26 20:47:46,-20.3428,57.7575,79.21,89,20,5.75
28,Nuuk,GL,2022-03-26 20:47:47,64.1835,-51.7216,25.41,63,40,15.01
29,Mayor Pablo Lagerenza,PY,2022-03-26 20:47:47,-19.9309,-60.7718,83.79,23,14,4.09
30,Hofn,IS,2022-03-26 20:47:47,64.2539,-15.2082,44.73,96,100,9.15
31,Hermanus,ZA,2022-03-26 20:47:48,-34.4187,19.2345,64.8,77,81,13.02
32,Newport,GB,2022-03-26 20:45:49,51.5877,-2.9984,55.94,70,0,9.31
33,Saint Anthony,US,2022-03-26 20:47:48,45.0205,-93.218,33.24,33,0,20.71
34,Busselton,AU,2022-03-26 20:47:49,-33.65,115.3333,63.45,81,98,18.14
35,Mount Gambier,AU,2022-03-26 20:47:49,-37.8333,140.7667,48.11,93,40,8.05
36,Vandra,EE,2022-03-26 20:47:50,58.6481,25.0361,29.86,67,75,14.9
37,Shagonar,RU,2022-03-26 20:47:50,51.5333,92.8,6.84,94,100,0.69
38,Kankakee,US,2022-03-26 20:47:27,41.15,-87.8667,31.71,64,100,16.11
39,Qaanaaq,GL,2022-03-26 20:47:51,77.484,-69.3632,0.5,93,99,3.89
40,Hithadhoo,MV,2022-03-26 20:47:51,-0.6,73.0833,82.89,69,2,12.35
41,Rocha,UY,2022-03-26 20:47:51,-34.4833,-54.3333,65.93,81,76,14.09
42,Hilo,US,2022-03-26 20:47:52,19.7297,-155.09,78.53,69,100,6.91
43,Saint-Denis,FR,2022-03-26 20:47:52,48.9167,2.3333,59.49,44,0,11.5
44,Sladkovo,RU,2022-03-26 20:47:53,55.5284,70.3385,-1.98,100,85,6.51
45,Ulsteinvik,NO,2022-03-26 20:47:53,62.3432,5.8487,45.75,80,100,8.99
46,Poronaysk,RU,2022-03-26 20:48:54,49.2167,143.1167,30.22,98,100,12.68
47,Upernavik,GL,2022-03-26 20:48:54,72.7868,-56.1549,12.79,92,100,5.84
48,Lorengau,PG,2022-03-26 20:45:11,-2.0226,147.2712,81.63,76,100,7.18
49,Buraydah,SA,2022-03-26 20:48:55,26.326,43.975,61.25,26,0,10.89
50,Grindavik,IS,2022-03-26 20:48:55,63.8424,-22.4338,42.75,93,100,17.27
51,Ribeira Grande,PT,2022-03-26 20:48:56,38.5167,-28.7,61.2,82,75,5.75
52,Carnarvon,AU,2022-03-26 20:48:56,-24.8667,113.6333,77.07,65,75,5.75
53,Sovetskiy,RU,2022-03-26 20:48:56,61.3614,63.5842,17.42,93,89,9.84
54,Guastalla,IT,2022-03-26 20:48:57,44.9132,10.6609,55.99,55,1,3.44
55,Rawson,AR,2022-03-26 20:47:57,-43.3002,-65.1023,74.46,31,0,16.55
56,Pervomayskoye,RU,2022-03-26 20:48:58,43.919,46.7102,38.14,84,96,7.96
57,Prince Rupert,CA,2022-03-26 20:48:58,54.3161,-130.3201,44.69,87,100,3.44
58,Ciechocinek,PL,2022-03-26 20:48:58,52.8791,18.7951,37.56,69,8,6.08
59,Shingu,JP,2022-03-26 20:48:59,33.7333,135.9833,57.2,93,91,4.85
60,Dongsheng,CN,2022-03-26 20:48:59,39.8161,109.9776,25.65,30,0,3.8
61,Westport,US,2022-03-26 20:49:00,41.1415,-73.3579,48.27,75,100,10.36
62,Ponta Do Sol,PT,2022-03-26 20:49:00,32.6667,-17.1,66.06,82,100,15.19
63,Punta Arenas,CL,2022-03-26 20:49:01,-53.15,-70.9167,53.71,76,100,8.05
64,Tiksi,RU,2022-03-26 20:49:02,71.6872,128.8694,-13.85,100,99,3.29
65,Lompoc,US,2022-03-26 20:49:02,34.6391,-120.4579,68.52,78,0,12.66
66,San Patricio,US,2022-03-26 20:49:03,28.017,-97.5169,91.49,23,4,13.18
67,Mango,US,2022-03-26 20:49:03,27.9797,-82.3065,78.58,56,0,4.61
68,Alofi,NU,2022-03-26 20:49:04,-19.0595,-169.9187,78.69,94,100,6.91
69,Olavarria,AR,2022-03-26 20:49:04,-36.8927,-60.3225,66.02,71,11,7.31
70,Cherskiy,RU,2022-03-26 20:49:05,68.75,161.3,-8.57,97,100,5.82
71,Centralina,BR,2022-03-26 20:49:05,-18.5839,-49.1994,80.56,68,78,3.27
72,Saint George,US,2022-03-26 20:45:00,37.1041,-113.5841,85.42,13,0,3.0
73,Atuona,PF,2022-03-26 20:49:06,-9.8,-139.0333,79.39,76,48,17.49
74,Kieta,PG,2022-03-26 20:49:06,-6.2167,155.6333,78.49,87,97,6.71
75,Tongren,CN,2022-03-26 20:49:07,27.7172,109.1853,50.86,93,100,3.6
76,Faya,SA,2022-03-26 20:49:07,18.3851,42.4509,63.12,47,2,3.62
77,Port Alfred,ZA,2022-03-26 20:49:08,-33.5906,26.891,64.18,86,97,14.34
78,Labuhan,ID,2022-03-26 20:49:08,-6.8844,112.2051,76.39,90,100,6.06
79,Klaksvik,FO,2022-03-26 20:49:09,62.2266,-6.589,47.32,80,100,21.59
80,Kodiak,US,2022-03-26 20:49:09,57.79,-152.4072,38.71,81,75,5.75
81,Callaway,US,2022-03-26 20:49:10,30.153,-85.5699,73.45,52,0,17.27
82,Miri,MY,2022-03-26 20:49:10,4.4148,114.0089,78.94,94,40,3.44
83,Butaritari,KI,2022-03-26 20:49:11,3.0707,172.7902,81.68,72,100,12.73
84,Prichard,US,2022-03-26 20:47:02,30.7388,-88.0789,78.35,30,0,9.22
85,Issa,RU,2022-03-26 20:49:12,53.8705,44.8578,35.24,99,100,13.33
86,San Juan,AR,2022-03-26 20:46:32,-31.5375,-68.5364,83.77,12,0,3.78
87,Pevek,RU,2022-03-26 20:49:13,69.7008,170.3133,-2.38,96,99,8.37
88,Geraldton,AU,2022-03-26 20:49:13,-28.7667,114.6,72.01,88,40,6.91
89,Oudtshoorn,ZA,2022-03-26 20:49:14,-33.5907,22.2014,57.56,81,5,3.36
90,Tuktoyaktuk,CA,2022-03-26 20:49:15,69.4541,-133.0374,-9.4,70,75,11.5
91,Castro,BR,2022-03-26 20:49:15,-24.7911,-50.0119,68.97,85,96,5.46
92,Hualmay,PE,2022-03-26 20:50:16,-11.0964,-77.6139,73.74,74,99,8.5
93,Garissa,KE,2022-03-26 20:50:16,-0.4536,39.6401,79.38,74,96,12.93
94,Broken Hill,AU,2022-03-26 20:50:17,-31.95,141.4333,62.31,63,0,11.5
95,Vila Franca Do Campo,PT,2022-03-26 20:50:17,37.7167,-25.4333,59.41,89,100,21.16
96,Yellowknife,CA,2022-03-26 20:50:18,62.456,-114.3525,3.72,47,75,13.8
97,Tezu,IN,2022-03-26 20:50:18,27.9167,96.1667,64.78,89,98,5.12
98,Saldanha,ZA,2022-03-26 20:50:18,-33.0117,17.9442,68.05,82,65,6.51
99,Abu Dhabi,AE,2022-03-26 20:50:19,24.4667,54.3667,75.31,70,0,9.22
100,Kruisfontein,ZA,2022-03-26 20:50:20,-34.0033,24.7314,62.89,92,56,2.44
101,Albany,US,2022-03-26 20:47:37,42.6001,-73.9662,47.88,79,96,8.3
102,Bluff,NZ,2022-03-26 20:50:20,-46.6,168.3333,55.69,79,49,1.63
103,Kapaa,US,2022-03-26 20:50:21,22.0752,-159.319,79.2,63,20,16.11
104,Karasjok,NO,2022-03-26 20:50:22,69.4719,25.5112,6.71,82,3,8.23
105,Oksfjord,NO,2022-03-26 20:50:22,70.2396,22.3479,25.0,76,100,10.2
106,Kangasala,FI,2022-03-26 20:50:23,61.4638,24.076,27.14,58,21,13.8
107,Deputatskiy,RU,2022-03-26 20:47:33,69.3,139.9,-14.75,96,49,6.64
108,Broome,US,2022-03-26 20:50:24,42.2506,-75.833,48.69,58,20,12.66
109,Airai,TL,2022-03-26 20:50:24,-8.9266,125.4092,58.68,88,81,1.16
110,Karratha,AU,2022-03-26 20:50:25,-20.7377,116.8463,82.6,71,58,10.65
111,Kroonstad,ZA,2022-03-26 20:50:25,-27.6504,27.2349,59.7,40,0,2.44
112,Paita,PE,2022-03-26 20:50:26,-5.0892,-81.1144,77.13,66,100,8.25
113,East London,ZA,2022-03-26 20:50:26,-33.0153,27.9116,66.96,88,96,10.58
114,Chuy,UY,2022-03-26 20:50:27,-33.6971,-53.4616,69.82,66,61,13.65
115,Mar Del Plata,AR,2022-03-26 20:48:41,-38.0023,-57.5575,64.42,94,100,14.0
116,Hobart,AU,2022-03-26 20:47:09,-42.8794,147.3294,55.22,94,20,4.61
117,Saint-Philippe,RE,2022-03-26 20:50:28,-21.3585,55.7679,76.59,85,25,7.63
118,Tasiilaq,GL,2022-03-26 20:50:28,65.6145,-37.6368,18.3,64,2,3.58
119,Iqaluit,CA,2022-03-26 20:50:29,63.7506,-68.5145,22.73,85,20,12.66
120,Fort Saint James,CA,2022-03-26 20:50:29,54.4333,-124.25,38.48,82,100,3.89
121,Faanui,PF,2022-03-26 20:50:30,-16.4833,-151.75,81.9,73,12,13.6
122,Sibolga,ID,2022-03-26 20:50:30,1.7427,98.7792,75.2,82,28,4.41
123,Iranshahr,IR,2022-03-26 20:50:31,27.2025,60.6848,82.74,21,0,4.61
124,Presidencia Roque Saenz Pena,AR,2022-03-26 20:50:31,-26.7852,-60.4388,77.67,52,0,3.24
125,Sozimskiy,RU,2022-03-26 20:50:32,59.7418,52.2482,32.45,97,100,14.72
126,Bredasdorp,ZA,2022-03-26 20:50:33,-34.5322,20.0403,63.73,74,70,12.1
127,Ayan,RU,2022-03-26 20:50:33,56.45,138.1667,8.8,86,18,7.56
128,Bourail,NC,2022-03-26 20:50:34,-21.5667,165.4833,75.78,74,100,3.29
129,Frankfurt,DE,2022-03-26 20:48:29,50.1167,8.6833,57.49,54,0,11.5
130,Padang,ID,2022-03-26 20:50:35,-0.9492,100.3543,75.63,82,7,4.97
131,Sargur,IN,2022-03-26 20:50:35,11.9833,76.4167,74.64,80,2,3.87
132,Kulhudhuffushi,MV,2022-03-26 20:50:36,6.6221,73.07,81.45,67,0,3.51
133,Ukiah,US,2022-03-26 20:50:37,39.1502,-123.2078,78.44,42,0,4.61
134,Kemin,KG,2022-03-26 20:50:37,42.7846,75.6892,42.42,96,94,7.05
135,Mackenzie,CA,2022-03-26 20:50:38,55.2999,-123.1698,37.62,52,0,5.75
136,Tuatapere,NZ,2022-03-26 20:51:38,-46.1333,167.6833,54.7,84,29,1.1
137,Turukhansk,RU,2022-03-26 20:51:39,65.8167,87.9833,18.16,96,100,6.51
138,Lebu,CL,2022-03-26 20:51:39,-37.6167,-73.65,60.66,71,72,5.01
139,Korla,CN,2022-03-26 20:51:39,41.7597,86.1469,44.6,51,74,3.0
140,Bari,IT,2022-03-26 20:51:40,41.1177,16.8512,56.26,63,0,6.91
141,Katsuura,JP,2022-03-26 20:51:40,35.1333,140.3,59.02,95,100,12.66
142,Lasa,IT,2022-03-26 20:51:41,46.6166,10.7002,46.02,66,5,0.98
143,Thompson,CA,2022-03-26 20:51:41,55.7435,-97.8558,1.56,42,0,13.8
144,Arlit,NE,2022-03-26 20:51:41,18.7369,7.3853,81.37,9,57,12.26
145,Correntina,BR,2022-03-26 20:51:42,-13.3433,-44.6367,82.31,44,16,1.28
146,Escarcega,MX,2022-03-26 20:51:42,18.6089,-90.7454,83.35,33,90,6.53
147,Tayu,ID,2022-03-26 20:51:43,-6.5397,111.0518,75.96,88,100,6.91
148,Nikolskoye,RU,2022-03-26 20:51:43,59.7035,30.7861,24.71,85,100,19.86
149,Kharan,PK,2022-03-26 20:51:44,28.5833,65.4167,76.84,14,0,8.23
150,Tautira,PF,2022-03-26 20:51:44,-17.7333,-149.15,81.37,75,64,13.91
151,Talnakh,RU,2022-03-26 20:51:44,69.4865,88.3972,18.21,78,95,4.25
152,Puerto Del Rosario,ES,2022-03-26 20:51:45,28.5004,-13.8627,64.15,77,20,6.91
153,Rio Grande,BR,2022-03-26 20:46:56,-32.035,-52.0986,73.51,64,87,14.83
154,Samarai,PG,2022-03-26 20:51:45,-10.6167,150.6667,82.29,74,100,4.32
155,Almaznyy,RU,2022-03-26 20:51:46,48.0448,40.045,41.18,68,74,25.28
156,Basco,PH,2022-03-26 20:51:47,20.4487,121.9702,80.33,79,0,4.97
157,Opuwo,NA,2022-03-26 20:51:47,-18.0607,13.84,68.68,44,3,4.23
158,Kenai,US,2022-03-26 20:51:47,60.5544,-151.2583,37.49,60,20,6.91
159,Fortuna,US,2022-03-26 20:48:02,40.5982,-124.1573,63.93,74,0,11.5
160,Tevaitoa,PF,2022-03-26 20:51:48,-16.7833,-151.5,81.93,73,21,13.47
161,Jatiroto,ID,2022-03-26 20:51:49,-7.8833,111.1167,72.5,94,100,1.3
162,Sola,VU,2022-03-26 20:51:49,-13.8833,167.55,82.72,72,97,8.63
163,Souillac,MU,2022-03-26 20:51:50,-20.5167,57.5167,79.18,89,20,5.75
164,Mahebourg,MU,2022-03-26 20:51:50,-20.4081,57.7,79.25,89,20,5.75
165,Hokitika,NZ,2022-03-26 20:50:08,-42.7167,170.9667,62.49,58,6,2.95
166,Nome,US,2022-03-26 20:51:51,64.5011,-165.4064,17.17,85,0,0.0
167,Marawi,PH,2022-03-26 20:51:51,7.9986,124.2928,67.41,98,100,3.09
168,Ahipara,NZ,2022-03-26 20:51:51,-35.1667,173.1667,68.09,70,0,7.07
169,San Alfonso,PH,2022-03-26 20:51:52,7.7803,126.4203,75.38,96,100,3.44
170,Mwinilunga,ZM,2022-03-26 20:51:53,-11.7358,24.4293,62.74,96,100,1.14
171,Eten,PE,2022-03-26 20:51:53,-6.9081,-79.8642,77.25,61,0,16.11
172,Husavik,IS,2022-03-26 20:51:53,66.0449,-17.3389,41.5,88,100,14.7
173,Muros,ES,2022-03-26 20:51:54,42.7762,-9.0603,57.09,83,100,5.39
174,Lewistown,US,2022-03-26 20:51:54,40.5992,-77.5714,43.81,84,40,21.85
175,Portland,US,2022-03-26 20:47:35,45.5234,-122.6762,68.09,67,75,6.91
176,Coquimbo,CL,2022-03-26 20:51:47,-29.9533,-71.3436,65.93,68,0,11.5
177,Nanortalik,GL,2022-03-26 20:52:55,60.1432,-45.2371,27.88,85,6,2.57
178,Isangel,VU,2022-03-26 20:52:56,-19.55,169.2667,79.95,75,94,9.64
179,Aksu,CN,2022-03-26 20:52:56,41.1231,80.2644,47.59,50,58,4.79
180,Millau,FR,2022-03-26 20:52:57,44.0833,2.9167,50.13,60,17,7.36
181,Norman Wells,CA,2022-03-26 20:52:57,65.282,-126.8329,5.04,51,20,9.22
182,Labuan,MY,2022-03-26 20:52:57,5.2767,115.2417,75.56,100,40,1.14
183,Pavlovsk,RU,2022-03-26 20:52:58,50.4578,40.1081,42.3,86,100,19.13
184,San Jose,US,2022-03-26 20:48:57,37.3394,-121.895,78.44,51,40,13.8
185,Nizhniy Kuranakh,RU,2022-03-26 20:52:59,58.8353,125.4869,-2.33,100,96,2.13
186,Namibe,AO,2022-03-26 20:51:59,-15.1961,12.1522,72.59,76,10,8.1
187,Mao,ES,2022-03-26 20:52:59,39.8885,4.2658,55.96,94,75,13.8
188,Thanh Hoa,VN,2022-03-26 20:53:00,19.8,105.7667,74.43,91,6,8.72
189,Shostka,UA,2022-03-26 20:53:00,51.863,33.4698,37.17,59,96,19.95
190,Ginir,ET,2022-03-26 20:53:01,7.1333,40.7,61.84,67,62,3.89
191,Hasaki,JP,2022-03-26 20:52:28,35.7333,140.8333,61.29,89,100,9.82
192,Paamiut,GL,2022-03-26 20:53:01,61.994,-49.6678,24.64,85,3,9.95
193,Sao Filipe,CV,2022-03-26 20:53:02,14.8961,-24.4956,70.29,75,52,10.85
194,Esperance,AU,2022-03-26 20:53:02,-33.8667,121.9,66.04,90,100,8.01
195,Tessalit,ML,2022-03-26 20:53:03,20.1986,1.0114,89.06,10,100,15.37
196,Manaure,CO,2022-03-26 20:53:03,11.7751,-72.4445,83.46,69,94,20.62
197,Adrar,MR,2022-03-26 20:53:04,20.5022,-10.0711,75.74,16,10,4.16
198,Mizdah,LY,2022-03-26 20:53:04,31.4451,12.9801,63.9,15,25,8.72
199,La Ronge,CA,2022-03-26 20:53:05,55.1001,-105.2842,3.42,35,0,6.91
200,Kutum,SD,2022-03-26 20:53:05,14.2,24.6667,63.14,12,2,14.88
201,Kununurra,AU,2022-03-26 20:48:48,-15.7667,128.7333,75.18,94,71,4.61
202,Varnamo,SE,2022-03-26 20:53:06,57.186,14.04,34.27,72,77,4.21
203,Cayenne,GF,2022-03-26 20:53:07,4.9333,-52.3333,81.09,1,75,8.99
204,Vanderhoof,CA,2022-03-26 20:53:07,54.0166,-124.0198,37.63,95,100,3.29
205,Talcahuano,CL,2022-03-26 20:49:54,-36.7167,-73.1167,62.28,63,75,4.61
206,Khatanga,RU,2022-03-26 20:53:08,71.9667,102.5,-13.56,100,60,7.65
207,Namtsy,RU,2022-03-26 20:53:08,62.7161,129.6658,-8.27,100,97,1.23
208,Juneau,US,2022-03-26 20:53:09,58.3019,-134.4197,40.84,91,94,3.49
209,Waslala,NI,2022-03-26 20:53:09,13.2333,-85.3833,88.79,38,83,12.77
210,Provideniya,RU,2022-03-26 20:53:10,64.3833,-173.3,18.64,89,100,1.03
211,Eureka,US,2022-03-26 20:53:10,40.8021,-124.1637,73.74,71,100,8.01
212,Ozernovskiy,RU,2022-03-26 20:53:11,51.5,156.5167,27.86,58,95,7.65
213,Dakoro,NE,2022-03-26 20:53:11,14.5106,6.765,79.72,9,17,14.34
214,Luocheng,CN,2022-03-26 20:53:11,29.3848,104.0286,52.29,84,100,2.51
215,Iturama,BR,2022-03-26 20:53:12,-19.7281,-50.1956,79.79,70,68,2.1
216,Kerman,IR,2022-03-26 20:53:12,30.2832,57.0788,58.86,15,0,9.22
217,Gallup,US,2022-03-26 20:48:27,35.5281,-108.7426,74.16,9,0,3.44
218,Aden,YE,2022-03-26 20:49:01,12.7794,45.0367,78.55,76,17,9.55
219,Athabasca,CA,2022-03-26 20:53:13,54.7169,-113.2854,18.01,85,100,11.99
220,Khonsa,IN,2022-03-26 20:53:14,27.0167,95.5667,56.39,91,8,3.74
221,Tongliao,CN,2022-03-26 20:53:14,43.6125,122.2653,31.44,30,3,17.56
222,Galle,LK,2022-03-26 20:53:15,6.0367,80.217,76.77,86,1,6.35
223,Asfi,MA,2022-03-26 20:53:15,32.2994,-9.2372,59.5,82,52,6.55
224,College,US,2022-03-26 20:50:10,64.8569,-147.8028,34.47,58,75,0.0
225,Shellbrook,CA,2022-03-26 20:54:16,53.2168,-106.4011,6.03,76,79,7.52
226,Takoradi,GH,2022-03-26 20:54:16,4.8845,-1.7554,81.73,80,100,6.29
227,Erice,IT,2022-03-26 20:54:17,38.037,12.5865,54.07,82,0,3.44
228,Coahuayana,MX,2022-03-26 20:54:17,18.7333,-103.6833,91.13,20,3,8.08
229,Victoria,HK,2022-03-26 20:52:43,22.2855,114.1577,74.32,88,75,8.01
230,Mongu,ZM,2022-03-26 20:54:18,-15.2484,23.1274,70.54,80,54,4.07
231,Mae Sot,TH,2022-03-26 20:54:18,16.7167,98.5667,72.03,90,6,1.59
232,San Lorenzo,PY,2022-03-26 20:52:57,-25.3333,-57.5333,79.74,50,20,5.75
233,Feijo,BR,2022-03-26 20:54:19,-8.1642,-70.3536,81.43,88,67,0.98
234,Chumphon,TH,2022-03-26 20:54:19,10.3333,98.8333,71.1,97,4,1.39
235,Chadan,RU,2022-03-26 20:54:20,51.2833,91.5833,2.62,89,100,1.74
236,Nanakuli,US,2022-03-26 20:54:20,21.3906,-158.1547,80.04,56,20,13.8
237,Saint-Leu,RE,2022-03-26 20:54:21,-21.15,55.2833,76.32,83,25,0.29
238,San Carlos De Bariloche,AR,2022-03-26 20:54:21,-41.1456,-71.3082,58.75,44,20,32.21
239,Acapulco,MX,2022-03-26 20:52:26,16.8634,-99.8901,85.89,44,92,11.74
240,Huarmey,PE,2022-03-26 20:54:22,-10.0681,-78.1522,74.91,73,69,10.25
241,Plettenberg Bay,ZA,2022-03-26 20:54:23,-34.0527,23.3716,62.46,87,0,5.37
242,Constitucion,CL,2022-03-26 20:54:23,-35.3333,-72.4167,60.39,71,63,9.57
243,Clermont,FR,2022-03-26 20:54:24,49.5,2.4167,52.02,70,0,10.07
244,Mount Isa,AU,2022-03-26 20:53:44,-20.7333,139.5,64.17,63,1,3.44
245,Rundu,NA,2022-03-26 20:54:24,-17.9333,19.7667,70.75,57,53,4.16
246,Timmins,CA,2022-03-26 20:54:25,48.4669,-81.3331,17.42,73,100,18.41
247,Kyra,RU,2022-03-26 20:54:25,49.5776,111.9753,5.76,94,24,4.54
248,Touros,BR,2022-03-26 20:54:26,-5.1989,-35.4608,78.96,86,100,8.12
249,Kirkuk,IQ,2022-03-26 20:50:18,35.4681,44.3922,47.61,63,33,3.56
250,Candiis,PH,2022-03-26 20:54:27,8.9703,125.1842,75.24,91,100,3.29
251,Nurlat,RU,2022-03-26 20:54:27,54.4277,50.8051,31.14,95,100,21.52
252,Sitka,US,2022-03-26 20:54:27,57.0531,-135.33,43.83,62,15,4.45
253,San Policarpo,PH,2022-03-26 20:54:28,12.1791,125.5072,80.15,82,100,12.55
254,Sorland,NO,2022-03-26 20:54:29,67.667,12.6934,32.23,56,100,3.85
255,Guerrero Negro,MX,2022-03-26 20:54:29,27.9769,-114.0611,76.35,40,35,10.16
256,Itarema,BR,2022-03-26 20:54:29,-2.9248,-39.9167,79.54,82,99,10.2
257,Manuk Mangkaw,PH,2022-03-26 20:54:30,4.8,119.85,81.97,75,100,5.88
258,Barra Do Garcas,BR,2022-03-26 20:54:30,-15.89,-52.2567,86.58,66,40,4.61
259,Bayir,TR,2022-03-26 20:54:31,37.2687,28.2167,39.72,60,0,4.29
260,Los Llanos De Aridane,ES,2022-03-26 20:51:39,28.6585,-17.9182,62.35,74,75,18.41
261,Comodoro Rivadavia,AR,2022-03-26 20:50:20,-45.8667,-67.5,80.46,13,0,12.66
262,Lanxi,CN,2022-03-26 20:54:32,29.2195,119.477,55.87,94,100,1.95
263,Ostrovnoy,RU,2022-03-26 20:54:32,68.0531,39.5131,22.28,61,100,16.49
264,Mayo,US,2022-03-26 20:54:32,38.8876,-76.5119,51.24,51,40,26.46
265,Asmara,ER,2022-03-26 20:50:18,15.3333,38.9333,52.45,59,0,4.52
266,Non Thai,TH,2022-03-26 20:54:33,15.1981,102.0358,87.1,57,17,3.87
267,Bayshore Gardens,US,2022-03-26 20:54:33,27.4253,-82.5904,76.21,45,0,5.99
268,Borovoy,RU,2022-03-26 20:54:34,55.4333,86.0833,-3.5,100,44,1.45
269,Torbay,CA,2022-03-26 20:55:35,47.6666,-52.7314,40.28,96,100,10.36
270,Koboko,UG,2022-03-26 20:55:35,3.4136,30.9599,68.27,73,94,2.71
271,Asau,RO,2022-03-26 20:55:35,46.4333,26.4,53.96,42,89,13.78
272,Port Elizabeth,ZA,2022-03-26 20:55:36,-33.918,25.5701,65.32,90,100,5.01
273,Yangjiang,CN,2022-03-26 20:52:36,21.85,111.9667,72.54,89,48,7.7
274,Ambon,ID,2022-03-26 20:55:36,-3.6954,128.1814,77.14,94,40,6.91
275,Bundaberg,AU,2022-03-26 20:55:37,-24.85,152.35,71.22,97,75,8.05
276,Cap-Aux-Meules,CA,2022-03-26 20:55:37,47.3821,-61.8597,35.65,75,20,9.22
277,Sinop,TR,2022-03-26 20:55:38,41.7711,34.8709,28.87,87,21,7.83
278,Lagoa,PT,2022-03-26 20:55:38,39.05,-27.9833,59.92,86,100,26.57
279,Severo-Kurilsk,RU,2022-03-26 20:55:39,50.6789,156.125,30.06,88,100,12.64
280,Nukus,UZ,2022-03-26 20:55:39,42.4531,59.6103,40.98,70,75,13.8
281,Okhotsk,RU,2022-03-26 20:55:39,59.3833,143.3,-3.41,93,39,7.2
282,Namatanai,PG,2022-03-26 20:55:40,-3.6667,152.4333,80.04,81,100,1.63
283,Sao Felix Do Xingu,BR,2022-03-26 20:55:40,-6.6447,-51.995,77.95,90,21,3.98
284,Vanimo,PG,2022-03-26 20:55:41,-2.6741,141.3028,76.82,89,100,5.53
285,Clyde River,CA,2022-03-26 20:55:41,70.4692,-68.5914,-1.97,84,100,8.05
286,Capao Da Canoa,BR,2022-03-26 20:50:43,-29.7456,-50.0097,72.81,68,25,8.46
287,Laguna,US,2022-03-26 20:55:42,38.421,-121.4238,81.01,43,0,5.75
288,Salalah,OM,2022-03-26 20:55:42,17.0151,54.0924,77.22,44,27,0.96
289,Yumen,CN,2022-03-26 20:55:43,40.2833,97.2,38.82,34,1,4.72
290,Saint-Georges,GD,2022-03-26 20:55:43,12.0564,-61.7485,82.08,69,20,20.71
291,Konstantinovsk,RU,2022-03-26 20:55:44,47.5828,41.0922,41.86,54,9,23.0
292,Vozhega,RU,2022-03-26 20:55:44,60.4725,40.2213,29.77,97,99,7.11
293,Tibati,CM,2022-03-26 20:55:45,6.4667,12.6333,79.47,20,43,5.23
294,Vardo,NO,2022-03-26 20:55:45,70.3705,31.1107,27.27,57,100,26.98
295,Arraial Do Cabo,BR,2022-03-26 20:55:45,-22.9661,-42.0278,85.96,74,0,12.66
296,Dharchula,IN,2022-03-26 20:55:46,29.85,80.5333,60.03,21,0,8.37
297,Yulara,AU,2022-03-26 20:55:46,-25.2406,130.9889,64.24,32,0,6.91
298,Foz Do Iguacu,BR,2022-03-26 20:55:46,-25.5478,-54.5881,81.52,47,20,4.61
299,Ilulissat,GL,2022-03-26 20:55:47,69.2167,-51.1,15.24,80,100,3.62
300,Berezovka,BY,2022-03-26 20:55:47,53.7214,25.4993,32.09,65,61,19.3
301,Puteyets,RU,2022-03-26 20:55:48,65.1716,57.091,15.89,93,100,9.69
302,Arvika,SE,2022-03-26 20:55:48,59.6553,12.5852,32.61,66,99,1.81
303,Sangar,RU,2022-03-26 20:55:49,63.9242,127.4739,-7.37,98,93,3.76
304,Rosetta,EG,2022-03-26 20:55:49,31.4044,30.4164,56.73,75,0,11.83
305,Olafsvik,IS,2022-03-26 20:55:49,64.8945,-23.7142,36.72,74,100,18.79
306,Yeniseysk,RU,2022-03-26 20:55:50,58.4497,92.1703,13.69,87,100,11.86
307,Bethel,US,2022-03-26 20:55:50,41.3712,-73.414,47.01,80,99,4.0
308,Magadan,RU,2022-03-26 20:55:51,59.5667,150.8,1.4,82,13,6.96
309,Honningsvag,NO,2022-03-26 20:55:51,70.9821,25.9704,26.35,63,75,17.27
310,Coihaique,CL,2022-03-26 20:54:02,-45.5752,-72.0662,57.81,71,75,3.44
311,Stromness,GB,2022-03-26 20:55:52,58.965,-3.296,42.76,86,86,9.06
312,Hami,CN,2022-03-26 20:55:52,42.8,93.45,45.21,29,83,3.6
313,Dikson,RU,2022-03-26 20:55:53,73.5069,80.5464,-5.42,95,100,13.98
314,Haapiti,PF,2022-03-26 20:55:53,-17.5667,-149.8667,83.93,71,73,13.42
315,Olinda,BR,2022-03-26 20:55:53,-8.0089,-34.8553,83.93,79,75,6.91
316,Onega,RU,2022-03-26 20:56:54,63.9061,38.1404,20.14,71,100,21.52
317,Along,IN,2022-03-26 20:56:54,28.1667,94.7667,63.68,79,96,1.43
318,Phuket,TH,2022-03-26 20:54:42,8.0,98.25,88.12,92,20,0.0
319,Nago,JP,2022-03-26 20:56:55,26.5881,127.9761,63.03,93,100,11.23
320,Sambava,MG,2022-03-26 20:56:55,-14.2667,50.1667,78.64,87,5,5.66
321,Kaeo,NZ,2022-03-26 20:56:56,-35.1,173.7833,63.32,89,3,4.59
322,Phan Thiet,VN,2022-03-26 20:56:56,10.9333,108.1,77.61,86,3,2.55
323,Riyadh,SA,2022-03-26 20:52:51,24.6877,46.7219,60.94,22,0,9.86
324,Leticia,CO,2022-03-26 20:56:57,-4.2153,-69.9406,87.85,66,75,3.44
325,Ingham,US,2022-03-26 20:56:57,42.6,-84.3833,32.16,79,100,17.27
326,Maraa,BR,2022-03-26 20:56:58,-1.8333,-65.3667,81.5,91,95,1.68
327,Zhigansk,RU,2022-03-26 20:56:58,66.7697,123.3711,1.42,98,100,8.81
328,Nacozari,MX,2022-03-26 20:56:59,25.3366,-108.2574,87.12,28,100,11.45
329,Marsh Harbour,BS,2022-03-26 20:56:59,26.5412,-77.0636,72.36,55,4,15.41
330,Russell,US,2022-03-26 20:57:00,32.3502,-85.1999,70.75,20,0,18.41
331,Luneville,FR,2022-03-26 20:57:00,48.6,6.5,54.82,66,0,7.87
332,Shaunavon,CA,2022-03-26 20:57:01,49.6501,-108.4181,37.18,35,100,16.22
333,Tabas,IR,2022-03-26 20:57:01,33.5959,56.9244,58.77,19,0,7.16
334,Praia,CV,2022-03-26 20:57:02,14.9215,-23.5087,70.34,68,20,13.8
335,Peniche,PT,2022-03-26 20:57:02,39.3558,-9.3811,59.29,86,70,7.23
336,Zhangye,CN,2022-03-26 20:57:03,38.9342,100.4517,38.43,31,47,2.48
337,Jinka,ET,2022-03-26 20:57:04,5.65,36.65,65.14,76,100,2.55
338,Zarnovica,SK,2022-03-26 20:57:04,48.4812,18.7157,56.39,71,99,4.7
339,Parabel,RU,2022-03-26 20:57:05,58.6978,81.4825,9.19,94,7,8.37
340,Taoudenni,ML,2022-03-26 20:57:05,22.6783,-3.9836,85.86,13,34,8.34
341,Fomboni,KM,2022-03-26 20:57:06,-12.28,43.7425,83.46,73,63,3.6
342,Jalu,LY,2022-03-26 20:57:06,29.0331,21.5482,60.94,21,0,9.98
343,Jacareacanga,BR,2022-03-26 20:57:07,-6.2222,-57.7528,85.82,69,73,3.4
344,Roma,US,2022-03-26 20:57:07,43.2128,-75.4557,46.81,75,99,13.0
345,Salekhard,RU,2022-03-26 20:57:07,66.53,66.6019,-8.37,100,64,7.72
346,Shubarshi,KZ,2022-03-26 20:57:08,48.5872,57.1869,29.77,89,100,9.37
347,Bilma,NE,2022-03-26 20:57:09,18.6853,12.9164,75.58,11,54,7.67
348,Smithers,CA,2022-03-26 20:57:09,54.7804,-127.1743,39.52,81,100,3.44
349,Koceljeva,RS,2022-03-26 20:57:10,44.4736,19.8117,51.37,50,0,5.48
350,Mae Hong Son,TH,2022-03-26 20:57:10,19.3003,97.9685,71.55,60,7,0.89
351,Harindanga,IN,2022-03-26 20:57:11,22.0383,88.3214,78.53,92,26,10.22
352,Lunenburg,CA,2022-03-26 20:57:11,44.3835,-64.3155,55.49,71,83,21.85
353,Kapit,MY,2022-03-26 20:57:11,2.0167,112.9333,73.42,100,100,1.19
354,Antofagasta,CL,2022-03-26 20:56:03,-23.65,-70.4,67.28,74,24,8.46
355,Leh,IN,2022-03-26 20:57:13,34.1667,77.5833,15.13,50,0,3.42
356,Champerico,GT,2022-03-26 20:57:13,14.3,-91.9167,93.74,64,40,13.02
357,Xining,CN,2022-03-26 20:55:54,36.6167,101.7667,31.39,58,77,1.14
358,Kokopo,PG,2022-03-26 20:57:14,-4.352,152.2633,77.7,84,100,2.77
359,Boa Vista,BR,2022-03-26 20:57:14,2.8197,-60.6733,87.78,51,40,11.5
360,Ville-Marie,CA,2022-03-26 20:58:15,47.3335,-79.433,30.2,92,100,15.08
361,La Belgica,BO,2022-03-26 20:58:15,-17.55,-63.2167,83.28,39,40,5.75
362,Evensk,RU,2022-03-26 20:57:22,61.95,159.2333,4.98,77,87,5.84
363,Qaqortoq,GL,2022-03-26 20:58:16,60.7167,-46.0333,23.47,78,31,1.41
364,Karakol,KG,2022-03-26 20:58:16,42.4907,78.3936,36.16,73,100,4.05
365,Sao Joao Da Barra,BR,2022-03-26 20:54:16,-21.6403,-41.0511,86.09,86,28,14.25
366,Bengkulu,ID,2022-03-26 20:58:17,-3.8004,102.2655,75.4,89,81,6.96
367,Jaora,IN,2022-03-26 20:58:17,23.6333,75.1333,79.5,14,0,6.26
368,Laredo,US,2022-03-26 20:54:48,27.5064,-99.5075,93.49,8,0,10.36
369,Ayr,GB,2022-03-26 20:58:18,55.4627,-4.6339,49.98,76,0,2.3
370,Yerbogachen,RU,2022-03-26 20:58:18,61.2767,108.0108,17.69,89,100,8.43
371,Chorozinho,BR,2022-03-26 20:58:19,-4.3003,-38.4978,75.16,95,100,3.71
372,Hirara,JP,2022-03-26 20:58:19,24.8,125.2833,68.68,91,100,24.23
373,Iralaya,HN,2022-03-26 20:58:19,15.0,-83.2333,82.58,58,11,11.39
374,Tabou,CI,2022-03-26 20:58:20,4.423,-7.3528,79.84,87,100,8.25
375,Livingstone,ZM,2022-03-26 20:58:20,-17.8419,25.8543,69.04,85,5,0.96
376,Kidal,ML,2022-03-26 20:58:21,18.4411,1.4078,86.52,11,26,13.44
377,Mahad,IN,2022-03-26 20:58:21,18.0833,73.4167,76.71,75,14,1.52
378,Verkhovazhye,RU,2022-03-26 20:58:21,60.7472,42.0465,31.39,95,100,8.12
379,Aykhal,RU,2022-03-26 20:58:22,66.0,111.5,3.79,100,100,3.49
380,Novogurovskiy,RU,2022-03-26 20:58:22,54.4678,37.3428,31.55,86,48,16.06
381,Kaitangata,NZ,2022-03-26 20:58:22,-46.2817,169.8464,52.84,89,30,2.95
382,Nueva Guinea,NI,2022-03-26 20:58:23,11.6876,-84.4562,86.25,44,89,14.9
383,Itoman,JP,2022-03-26 20:58:23,26.1247,127.6694,64.42,94,100,16.11
384,Hammerfest,NO,2022-03-26 20:58:24,70.6634,23.6821,23.45,74,75,4.61
385,Beyneu,KZ,2022-03-26 20:58:24,45.3167,55.2,36.66,83,100,14.29
386,Dauriya,RU,2022-03-26 20:58:24,49.9333,116.8667,18.43,64,7,11.23
387,Mirnyy,RU,2022-03-26 20:53:58,62.5353,113.9611,-2.22,100,93,3.24
388,Sorkjosen,NO,2022-03-26 20:58:25,69.8,20.9333,24.8,68,75,10.36
389,Sribne,UA,2022-03-26 20:58:26,50.6638,32.9187,39.69,60,97,18.32
390,Promyshlennyy,RU,2022-03-26 20:58:26,67.5833,63.9167,-9.29,100,88,4.32
391,Meulaboh,ID,2022-03-26 20:58:26,4.1363,96.1285,77.67,84,86,4.45
392,Beauceville,CA,2022-03-26 20:58:27,46.2179,-70.7787,38.86,65,100,2.3
393,Tashtagol,RU,2022-03-26 20:58:27,52.7657,87.8894,17.19,99,100,2.68
394,Thunder Bay,CA,2022-03-26 20:54:22,48.4001,-89.3168,23.29,46,40,18.41
395,Richards Bay,ZA,2022-03-26 20:58:28,-28.783,32.0377,69.35,91,17,5.55
396,Dimitrovgrad,RU,2022-03-26 20:58:29,54.2139,49.6184,33.58,96,100,17.81
397,Bielsk Podlaski,PL,2022-03-26 20:58:29,52.7651,23.1865,35.26,57,60,19.08
398,Lagos,NG,2022-03-26 20:58:26,6.5833,3.75,82.63,83,18,6.6
399,Longyearbyen,SJ,2022-03-26 20:58:30,78.2186,15.6401,-4.16,84,20,11.5
400,Beloha,MG,2022-03-26 20:58:30,-25.1667,45.05,69.91,96,24,5.64
401,Melito Di Porto Salvo,IT,2022-03-26 20:58:30,37.9222,15.7714,58.23,82,20,17.27
402,Yar-Sale,RU,2022-03-26 20:58:31,66.8333,70.8333,-11.27,95,47,7.02
403,Show Low,US,2022-03-26 20:53:44,34.2542,-110.0298,75.07,10,0,9.22
404,Ulladulla,AU,2022-03-26 20:58:31,-35.35,150.4667,61.7,88,65,4.18
405,Buta,CD,2022-03-26 20:58:32,2.7858,24.73,75.7,39,100,1.14
406,Makokou,GA,2022-03-26 20:58:32,0.5738,12.8642,73.18,79,89,2.37
407,Bouza,NE,2022-03-26 20:59:33,14.4229,6.0428,81.41,9,16,14.72
408,Kananga,CD,2022-03-26 20:59:33,-5.8958,22.4178,72.28,83,100,3.83
409,Kargasok,RU,2022-03-26 20:59:33,59.0556,80.8572,9.97,94,8,9.19
410,Askino,RU,2022-03-26 20:59:34,56.0901,56.5783,29.12,88,83,18.81
411,Mayumba,GA,2022-03-26 20:59:34,-3.432,10.6554,79.07,89,100,7.02
412,Solna,SK,2022-03-26 20:59:35,49.2231,18.7394,54.32,70,75,4.0
413,Deloraine,AU,2022-03-26 20:59:35,-41.5333,146.6667,54.9,15,100,0.83
414,Bara,NG,2022-03-26 20:59:35,10.3744,10.7288,85.41,10,32,16.78
415,Belmonte,BR,2022-03-26 20:59:36,-15.8631,-38.8828,79.48,76,1,8.21
416,Bethanien,NA,2022-03-26 20:59:36,-26.502,17.1583,77.85,24,67,8.25
417,Tura,IN,2022-03-26 20:59:37,25.5198,90.2201,69.33,85,2,7.29
418,Madimba,TZ,2022-03-26 20:59:37,-10.4,40.3333,78.6,85,3,4.59
419,Sistranda,NO,2022-03-26 20:59:37,63.7256,8.834,33.76,99,100,11.43
420,Iberia,US,2022-03-26 20:59:38,29.9502,-91.7507,80.06,43,0,10.54
421,Mutsu,JP,2022-03-26 20:59:38,41.2894,141.2169,45.95,85,99,15.7
422,Poum,NC,2022-03-26 20:59:39,-20.2333,164.0167,80.01,73,76,14.38
423,Bondoukou,CI,2022-03-26 20:59:39,8.0333,-2.8,86.5,43,61,3.4
424,Quepos,CR,2022-03-26 20:59:39,9.4236,-84.1652,84.7,68,90,7.4
425,Porto Santo,PT,2022-03-26 20:59:40,33.072,-16.3415,62.98,77,20,14.97
426,Rabat,MA,2022-03-26 20:59:02,33.9911,-6.8401,60.15,91,40,6.91
427,Hay River,CA,2022-03-26 20:59:40,60.8156,-115.7999,12.16,79,100,8.05
428,Eyl,SO,2022-03-26 20:59:41,7.9803,49.8164,77.05,65,1,14.88
429,Porbandar,IN,2022-03-26 20:59:41,21.6422,69.6093,79.23,61,2,7.94
430,Muzhi,RU,2022-03-26 20:59:42,65.3667,64.6667,-5.03,97,95,5.1
431,Fare,PF,2022-03-26 20:59:42,-16.7,-151.0167,81.97,72,75,13.18
432,Christchurch,NZ,2022-03-26 20:55:39,-43.5333,172.6333,62.42,88,100,1.14
433,Pisco,PE,2022-03-26 20:58:06,-13.7,-76.2167,73.45,60,0,6.91
434,Kiama,AU,2022-03-26 20:59:43,-34.6833,150.8667,62.38,95,100,1.99
435,Wobulenzi,UG,2022-03-26 20:59:43,0.7283,32.5122,66.42,95,100,2.46
436,Cuamba,MZ,2022-03-26 20:59:44,-14.8031,36.5372,72.45,92,85,2.48
437,Kosh-Agach,RU,2022-03-26 20:59:44,50.0,88.6667,0.36,88,99,2.82
438,Jian,CN,2022-03-26 20:59:44,27.1172,114.9793,55.54,93,99,4.14
439,Varzea Grande,BR,2022-03-26 20:59:45,-15.6467,-56.1325,78.67,78,75,6.91
440,Hakkari,TR,2022-03-26 20:59:45,37.5833,44.1667,18.36,98,99,2.01
441,Luba,GQ,2022-03-26 20:59:46,3.4568,8.5547,80.49,83,53,6.26
442,Nacala,MZ,2022-03-26 20:55:08,-14.5428,40.6728,77.13,87,14,3.58
443,Port Blair,IN,2022-03-26 20:59:46,11.6667,92.75,78.84,94,20,2.3
444,Sol-Iletsk,RU,2022-03-26 20:59:47,51.1631,54.9918,27.37,96,100,7.0
445,Saluzzo,IT,2022-03-26 20:59:47,44.6464,7.4862,55.31,29,40,4.45
446,Valparaiso,CL,2022-03-26 20:54:48,-33.0393,-71.6273,64.63,68,40,6.91
447,Yelizovo,RU,2022-03-26 20:59:48,53.1873,158.3805,14.14,66,0,8.99
448,Shubarkuduk,KZ,2022-03-26 20:59:48,49.1447,56.4872,28.83,93,100,6.42
449,Gap,FR,2022-03-26 20:59:49,44.6667,6.0,34.59,48,25,5.1
450,Diebougou,BF,2022-03-26 20:59:49,10.9667,-3.25,91.53,31,12,1.16
451,Flinders,AU,2022-03-26 20:59:50,-34.5833,150.8552,62.19,94,100,7.0
452,Pangnirtung,CA,2022-03-26 20:59:50,66.1451,-65.7125,21.83,82,100,5.37
453,Am Timan,TD,2022-03-26 20:59:51,11.0297,20.2827,84.9,13,72,7.0
454,Diffa,NE,2022-03-26 21:00:51,13.3154,12.6113,79.39,17,8,14.47
455,Teguise,ES,2022-03-26 21:00:51,29.0605,-13.564,61.02,77,20,8.05
456,Ilhabela,BR,2022-03-26 21:00:52,-23.7781,-45.3581,79.05,87,98,3.09
457,Tomohon,ID,2022-03-26 21:00:52,1.3346,124.8392,65.34,90,87,0.6
458,Zhicheng,CN,2022-03-26 21:00:53,30.2956,111.5047,57.94,74,100,1.81
459,Talara,PE,2022-03-26 21:00:53,-4.5772,-81.2719,76.32,75,100,11.27
460,Narsaq,GL,2022-03-26 21:00:54,60.9167,-46.05,28.62,77,24,0.34
461,Candabong,PH,2022-03-26 21:00:54,9.7343,124.5383,76.91,87,100,5.12
462,Kavieng,PG,2022-03-26 21:00:55,-2.5744,150.7967,82.09,73,100,3.94
463,Nishihara,JP,2022-03-26 21:00:55,26.1842,127.7558,63.68,94,100,16.11
464,Baiquan,CN,2022-03-26 21:00:56,47.5833,126.0833,27.99,89,87,10.09
465,Rio Gallegos,AR,2022-03-26 21:00:57,-51.6226,-69.2181,63.81,40,100,12.88
466,Batagay-Alyta,RU,2022-03-26 21:00:57,67.8006,130.4114,-2.47,86,100,4.97
467,Hit,IQ,2022-03-26 21:00:58,33.6416,42.8251,55.54,31,0,5.93
468,Wattegama,LK,2022-03-26 21:00:59,6.7989,81.4808,72.61,94,1,1.86
469,Solwezi,ZM,2022-03-26 21:00:59,-12.1688,26.3894,62.55,94,94,1.57
470,El Carrizo,MX,2022-03-26 21:01:00,24.0261,-106.8814,82.49,36,99,7.0
471,Atar,MR,2022-03-26 21:01:00,20.5169,-13.0499,76.86,11,32,3.74
472,Maksatikha,RU,2022-03-26 21:01:01,57.797,35.8825,26.74,93,100,14.58
473,Januaria,BR,2022-03-26 21:01:01,-15.4833,-44.3667,84.74,38,16,4.21
474,Codrington,AU,2022-03-26 21:01:02,-38.2667,141.9667,55.35,68,0,4.94
475,Sabang,ID,2022-03-26 21:01:03,5.8933,95.3214,82.63,74,20,8.59
476,Upata,VE,2022-03-26 21:01:04,8.0086,-62.3989,83.89,52,100,6.44
477,Tarragona,ES,2022-03-26 21:01:04,41.129,1.249,54.14,65,40,9.22
478,Ayagoz,KZ,2022-03-26 21:01:04,47.9714,80.4392,25.9,92,100,3.65
479,Dingle,PH,2022-03-26 21:01:05,10.9995,122.6711,76.14,90,93,5.84
480,Ibia,BR,2022-03-26 21:01:05,-19.4783,-46.5389,74.82,71,100,1.54
481,Nalgonda,IN,2022-03-26 21:01:06,17.05,79.2667,79.56,66,35,6.17
482,Riviere-Au-Renard,CA,2022-03-26 21:01:06,48.9957,-64.3971,32.09,95,99,5.95
483,Florianopolis,BR,2022-03-26 20:59:14,-27.6146,-48.5012,74.7,65,20,12.66
484,North Bend,US,2022-03-26 21:01:07,43.4065,-124.2243,69.24,100,100,5.28
485,Bachaquero,VE,2022-03-26 21:01:08,9.9694,-71.1494,88.05,57,100,4.61
486,Fiumicino,IT,2022-03-26 20:59:54,41.7675,12.2291,59.63,82,0,4.61
487,Adelaide,AU,2022-03-26 21:01:09,-34.9333,138.6,70.05,59,0,3.44
488,Yarmouth,US,2022-03-26 21:01:09,41.7057,-70.2286,53.62,76,55,7.0
489,Lantawan,PH,2022-03-26 21:01:10,10.6167,123.9833,75.78,85,95,3.31
490,Havoysund,NO,2022-03-26 21:01:11,70.9963,24.6622,26.83,62,100,19.95
491,Alta Floresta,BR,2022-03-26 21:01:12,-9.8756,-56.0861,78.93,92,100,3.24
492,Hornepayne,CA,2022-03-26 21:01:12,49.2138,-84.7705,14.36,81,100,14.54
493,Ossora,RU,2022-03-26 21:01:13,59.2353,163.0719,6.75,87,17,3.8
494,Belyy Yar,RU,2022-03-26 21:01:13,53.6039,91.3903,23.86,59,40,6.71
495,Lakes Entrance,AU,2022-03-26 21:01:14,-37.8811,147.981,51.17,85,2,5.44
496,Bodajk,HU,2022-03-26 21:01:14,47.3235,18.2331,44.35,43,7,6.51
497,Kil,SE,2022-03-26 21:01:15,59.5072,13.314,31.89,64,96,3.44
498,Margate,GB,2022-03-26 21:01:15,51.3813,1.3862,49.3,85,3,4.0
499,Bongaree,AU,2022-03-26 21:01:16,-27.0797,153.1586,73.22,77,94,6.93
500,Vao,NC,2022-03-26 21:01:17,-22.6667,167.4833,75.99,76,85,13.49
501,Svetlogorsk,BY,2022-03-26 21:02:17,52.6333,29.7333,34.27,65,10,21.16
502,Fairbanks,US,2022-03-26 21:00:03,64.8378,-147.7164,34.48,55,100,0.6
503,Fuente De Oro,CO,2022-03-26 21:02:19,3.4594,-73.6128,79.48,79,100,2.06
504,Hun,LY,2022-03-26 21:02:19,29.1268,15.9477,62.47,14,0,14.94
505,Ahuimanu,US,2022-03-26 21:02:20,21.4447,-157.8378,79.75,61,39,5.99
506,Severo-Yeniseyskiy,RU,2022-03-26 21:02:20,60.3725,93.0408,8.2,88,100,13.44
507,Nizhnevartovsk,RU,2022-03-26 21:02:21,60.9344,76.5531,10.42,67,0,7.0
508,Kuopio,FI,2022-03-26 21:02:22,62.8924,27.677,22.95,54,0,19.57
509,Almeria,ES,2022-03-26 21:01:54,37.1667,-2.3333,49.44,85,87,4.38
510,Varca,IN,2022-03-26 21:02:23,15.2167,73.9167,78.71,83,42,6.49
511,Hervey Bay,AU,2022-03-26 21:02:24,-25.2986,152.8535,73.04,83,55,6.76
512,Lavrentiya,RU,2022-03-26 21:02:24,65.5833,-171.0,9.1,93,99,0.29
513,Bayangol,RU,2022-03-26 21:02:25,50.6977,103.4656,-0.81,95,10,3.8
514,Hambantota,LK,2022-03-26 21:02:25,6.1241,81.1185,77.38,85,5,4.05
515,Chengde,CN,2022-03-26 21:02:26,40.9725,117.9361,33.28,28,0,5.41
516,Kalabo,ZM,2022-03-26 21:02:26,-14.97,22.6814,68.74,83,54,2.91
517,Saint-Pierre,RE,2022-03-26 21:02:27,-21.3393,55.4781,76.91,74,0,4.61
518,Katobu,ID,2022-03-26 21:02:28,-4.9408,122.5276,74.75,95,70,0.98
519,Thinadhoo,MV,2022-03-26 21:02:28,0.5333,72.9333,82.04,70,1,9.95
520,Celestun,MX,2022-03-26 21:02:29,20.8667,-90.4,75.24,50,11,14.52
521,Staritsa,RU,2022-03-26 21:02:29,56.5075,34.9354,26.44,85,100,16.98
522,Acari,PE,2022-03-26 21:02:30,-15.4311,-74.6158,79.56,59,49,9.42
523,Libertador General San Martin,AR,2022-03-26 21:02:30,-23.8064,-64.7876,82.98,34,1,3.74
524,Aklavik,CA,2022-03-26 21:02:31,68.2191,-135.0107,1.96,89,96,7.92
525,Awjilah,LY,2022-03-26 21:02:32,29.1081,21.2869,61.23,21,0,10.22
526,Kihurio,TZ,2022-03-26 21:02:32,-4.4667,38.0667,72.99,88,85,3.49
527,Beringovskiy,RU,2022-03-26 21:02:33,63.05,179.3167,4.86,96,98,3.83
528,Cabo San Lucas,MX,2022-03-26 20:59:42,22.8909,-109.9124,87.62,42,52,5.61
529,Gambo,CF,2022-03-26 21:02:34,4.6482,22.2633,74.23,42,100,0.43
530,Vaitape,PF,2022-03-26 21:02:34,-16.5167,-151.75,81.88,73,11,13.58
531,Apoldu De Jos,RO,2022-03-26 21:02:34,45.8667,23.85,43.63,59,36,6.85
532,Flin Flon,CA,2022-03-26 21:02:35,54.7682,-101.865,9.34,61,75,7.45
533,Hobyo,SO,2022-03-26 21:02:36,5.3505,48.5268,80.58,66,22,13.71
534,Bandarbeyla,SO,2022-03-26 21:02:36,9.4942,50.8122,76.87,63,42,9.82
535,Paramirim,BR,2022-03-26 21:02:37,-13.4425,-42.2389,79.02,56,77,5.35
536,Port Pirie,AU,2022-03-26 21:02:37,-33.1833,138.0167,53.69,51,0,4.7
537,Tiverton,GB,2022-03-26 21:02:38,50.9,-3.4833,52.66,76,0,1.01
538,Mount Hagen,PG,2022-03-26 21:02:38,-5.8581,144.2274,58.32,97,100,0.96
539,Kantang,TH,2022-03-26 21:02:38,7.4054,99.5156,76.75,91,0,2.55
540,Tabat,ID,2022-03-26 21:02:39,-2.635,115.2274,73.72,96,72,0.58
541,Tual,ID,2022-03-26 21:02:39,-5.6667,132.75,82.35,76,100,16.42
542,Kaduna,NG,2022-03-26 21:00:12,10.5222,7.4383,84.27,11,11,13.0
543,Matara,LK,2022-03-26 21:02:40,5.9485,80.5353,75.99,88,6,4.63
544,Paragominas,BR,2022-03-26 21:00:35,-2.9667,-47.4833,76.01,95,81,3.83
545,Batavia,US,2022-03-26 21:02:40,41.85,-88.3126,31.8,62,100,19.57
546,Naryan-Mar,RU,2022-03-26 21:02:41,67.6713,53.087,-7.17,97,100,6.11
547,Baruun-Urt,MN,2022-03-26 21:01:11,46.6806,113.2792,18.25,48,0,6.8
548,Apucarana,BR,2022-03-26 20:59:50,-23.5508,-51.4608,71.73,91,96,3.87
549,Colac,AU,2022-03-26 21:00:24,-38.3333,143.5833,55.17,86,0,3.0
550,Nelson Bay,AU,2022-03-26 21:03:42,-32.7167,152.15,69.01,97,100,7.45
551,Jumla,NP,2022-03-26 21:03:42,29.2747,82.1838,45.18,43,0,4.74
552,Kahului,US,2022-03-26 21:03:42,20.8947,-156.47,71.96,96,83,10.0
553,Miguel Hidalgo,MX,2022-03-26 21:03:43,19.4225,-99.2028,76.42,10,0,3.0
554,Havre-Saint-Pierre,CA,2022-03-26 21:03:43,50.2334,-63.5986,31.03,97,100,13.8
555,Mhlume,SZ,2022-03-26 21:03:44,-26.0333,31.85,67.82,96,83,0.94
556,Bathsheba,BB,2022-03-26 21:03:45,13.2167,-59.5167,79.09,72,100,16.58
557,Eskil,TR,2022-03-26 21:03:45,38.4017,33.4131,34.07,66,46,8.32
558,Sooke,CA,2022-03-26 21:00:43,48.3746,-123.7276,51.58,91,100,6.8
559,Mogadishu,SO,2022-03-26 21:03:46,2.0371,45.3438,81.3,81,25,11.01
560,Cap Malheureux,MU,2022-03-26 21:03:46,-19.9842,57.6142,79.47,83,2,1.99
561,Majene,ID,2022-03-26 21:03:46,-3.5403,118.9707,77.83,85,99,3.13
562,Hwange,ZW,2022-03-26 21:03:47,-18.3693,26.5019,71.42,80,6,1.25
563,Kambove,CD,2022-03-26 21:03:47,-10.8764,26.5969,62.26,93,86,2.55
